<?xml version='1.0' encoding='UTF-8'?>
<!-- This document was created with Syntext Serna Free. --><main>
  <section>
    <state txt="This game is so much better than Contemporary Warfare 2!" id="first_turn"/>
    <state txt="The M230 grenade launcher is awesome. Do you have one of those? At work?">
      <choice txt="No, those are for the grunts. Your dad's a little higher up than that.">
        <state txt="Yeah, you probably got even better weapons.">
          <choice txt="Yep. Took a bad guy out today with a Hellfire missile.">
            <state txt="Whoa! Cool. Death from above!"/>
          </choice>
          <choice txt="Surveillance information is the best weapon we have.">
            <state txt="Yeah yeah, you told me, eye in the sky."/>
          </choice>
        </state>
      </choice>
      <choice txt="You mean the M320, that's the latest and greatest.">
        <state txt="Yeah yeah, the M320. It rules. I bet you can kill like ten terrorists at once with that.">
          <choice txt="In the real world they're not hanging out in big groups like that."/>
          <choice txt="Yup, blow 'em up real good."/>
        </state>
      </choice>
    </state>
    <state txt="They killed you!" id="game_over1"/>
    <state txt="My turn..."/>
  </section>
  <section>
    <state txt="Oooh, nice!" id="mission_accomplished1"/>
    <state txt="Let me go next."/>
  </section>
  <section>
    <state txt="I'm coming for you Osama... again!" id="second_turn"/>
    <state txt="...gotta get a healthpak...">
      <choice txt="Gah, pwned!">
        <state txt="No one says that anymore, Dad."/>
      </choice>
      <choice txt="So what happened at school?">
        <state txt="The usual crapola.">
          <choice txt="The smartest kids are always bored in class."/>
          <choice txt="And how was the doctor visit?">
            <state txt="It was stupid. You had to read a bunch of colored words." data="good_dad"/>
            <state txt="Like I don't know how to read or..." link="doctor"/>
          </choice>
        </state>
      </choice>
      <choice txt="What'd the doctor say?">
        <state txt="I got some kind of ADDH thing..." data="good_dad">
          <choice txt="Did he do a test on you?">
            <state txt="Yeah, it was stupid. You had to read a bunch of colored words."/>
            <state txt="Like I don't know how to read or..." link="doctor"/>
          </choice>
          <choice txt="It's ADHD.">
            <state txt="Whatev... " link="doctor"/>
          </choice>
        </state>
      </choice>
    </state>
  </section>
  <section>
    <state txt="Daddy, did you see that shot?!" id="doctor">
      <choice txt="Yeah, that was brutal!">
        <state txt="They keep coming..."/>
      </choice>
      <choice txt="Did he suggest you stop playing games?">
        <state txt="He said we should get Super Brain Gym... aw, cheap shot!" data="good_dad"/>
      </choice>
      <choice txt="Did he suggest you doing exercises or taking new pills?">
        <state txt="Yeah, he said he'd talk to you about it. Crapsicles!" data="good_dad"/>
      </choice>
    </state>
  </section>
  <section>
    <state txt="Damn, I got killed." id="switch"/>
    <state txt="That never happens to you at work, huh?">
      <choice txt="Work is boring, buddy, that's all you need to know." link="bored"/>
      <choice txt="Ha! No, we can't get killed.">
        <state txt="Oh, so you got a cheat code?">
          <choice txt="Unlimited lives. If a drone goes down we buy a new one.">
            <state txt="Oh yeah, same as paying for levelling up on Warcraft." link="bored"/>
          </choice>
          <choice txt="It's not cheating. We have better technology, it'd be stupid not to use it.">
            <state txt="How come you won't let me use invulnerability hacks then?">
              <choice txt="Because I said so." link="bored"/>
              <choice txt="They're for geeks." link="bored"/>
              <choice txt="These games don't mean anything if there's no chance of dying." link="bored"/>
            </state>
          </choice>
        </state>
      </choice>
    </state>
    <state txt="I'm bored. What other games we got?" id="bored"/>
    <state txt="Oh, we never beat this one."/>
    <state txt="Your turn." data="new_game"/>
  </section>
  <section>
    <state txt="I remember we got stuck on this level, it's so hard." id="third_turn"/>
    <state txt="It's freaky how vicious the commies get up close.">
      <choice txt="They're Nazis.">
        <state txt="Oh yeah, Nazis. Nazis are worse than commies, right?">
          <choice txt="Yep, they were the worst ever." link="grandpa"/>
          <choice txt="Yep. Not as bad as terrorists, though." link="grandpa"/>
          <choice txt="Nope, the commies are worse in my books." link="grandpa"/>
        </state>
        <state txt="Great-grandpa killed a bunch of them, right? What was his favorite weapon?" id="grandpa">
          <choice txt="He wouldn't talk about the war.">
            <state txt="Old people are weird. Why not?">
              <choice txt="He would mumble something about trench foot."/>
              <choice txt="Grandma said he lost a good friend."/>
              <choice txt="He didn't like to brag."/>
            </state>
          </choice>
          <choice txt="The bowie knife.">
            <state txt="I hate the knife. It's so freaky to see them close up.">
              <choice txt="Back then, they thought it was honorable to face the enemy toe-to-toe.">
                <state txt="Weird..."/>
              </choice>
              <choice txt="I like to see those bastards die, inch by inch.">
                <state txt="But... can you see them, the terrorists you kill?">
                  <choice txt="Better than the jet jockeys can. We have to be able to see them planting bombs and such.">
                    <state txt="Can you see their faces?">
                      <choice txt="Sometimes."/>
                      <choice txt="No, that's not valuable information anyway."/>
                    </state>
                  </choice>
                  <choice txt="Not really, after a while they just become targets."/>
                  <choice txt="Yep. You think about your ol' Dad looking down on you, next time you think about doing something bad.">
                    <state txt="Uh-oh..."/>
                  </choice>
                </state>
              </choice>
            </state>
          </choice>
          <choice txt="The sniper rifle.">
            <state txt="Yeah, it's the best for head-shots. Plus you don't lose any health.">
              <choice txt="That's m'boy. No need to get your hands dirty."/>
              <choice txt="Except for when the enemy uses it.">
                <state txt="Nah, that never happens in this game."/>
              </choice>
            </state>
          </choice>
        </state>
      </choice>
      <choice txt="Yeah, thank God they are not around anymore." link="grandpa"/>
    </state>
  </section>
  <section>
    <state txt="Oh, you suck, Dad. " id="game_over2"/>
    <state txt="Let me show you how it's done."/>
  </section>
  <section>
    <state txt="I can't believe we beat that level!" id="mission_accomplished2"/>
    <state txt="How did you even DO that? That was AWEsome."/>
  </section>
  <section>
    <state txt="My turn!" id="sunday_with_date"/>
    <state txt="You can still fix my bike on Sunday, right?">
      <choice txt="Were we gonna do that Sunday? I'm busy.">
        <state txt="...oh.  I... I can just look online to see how to fix it." data="bad_dad">
          <choice txt="Got a meeting with someone from work. She can't meet on Saturday.">
            <state txt="She...?"/>
          </choice>
          <choice txt="Yup. Got some big person stuff to do.">
            <state txt="Sure. I... I can just look online to see how to fix it."/>
          </choice>
        </state>
      </choice>
      <choice txt="Sunday? For sure, buddy.">
        <state txt="Awesome." data="good_dad"/>
      </choice>
    </state>
  </section>
  <section>
    <state txt="My turn" id="sunday_without_date"/>
    <state txt="You gonna help me fix my bike Sunday?">
      <choice txt="Depends. The game's on.">
        <state txt="OK.  I... I can just look online to see how to fix it." data="bad_dad"/>
      </choice>
      <choice txt="Sounds good to me!">
        <state txt="Cool." data="good_dad"/>
      </choice>
    </state>
  </section>
</main>
