<?xml version='1.0' encoding='UTF-8'?>
<!-- This document was created with Syntext Serna Free. --><main>
  <section>
    <state txt="Encore un autre jour..." id="welcome">
      <choice txt="...pour trimer au boulot et survivre à ce monde insensé.">
        <state txt="Putain ! J'aurais du...">
          <choice txt="...investir chez Apple et devenir rentier à vie">
            <state txt="La retraite à vie ! Exitant non ?" />
          </choice>
          <choice txt="...rejoindre une communauté spirituelle">
            <state txt="Pas de notion d'argent, pas de stress...la belle vie..."/>
          </choice>
        </state>
      </choice>
      <choice txt="Un crédit de 86400 secondes versées sur mon compte...">
        <state txt="pour explorer ce mystère sans limites qu'est la vie."/>
        <state txt="Ouais. Tellement à découvrir...Infini !" id="promotion"/>
      </choice>
      <choice txt="...qui me rapproche du dernier.">
        <state txt="Vivement la fin de cette comédie" />
      </choice>
    </state>
    <state txt="Etrange ce rêve..." id="nightmare" data="nightmare">
      <choice txt="C'est la première fois que je rêve en étant conscient de rêver...">
        <state txt="Je me suis réveillé à l'intérieur de mon rêve, comme si on m'avait pincé la peau..."/>
        <state txt="D'ailleurs, dans mon rêve, c'est la sensation dans mon corps qui m'a réveillé."/>
        <state txt="Peut être que sentir son corps, les sensations est une clé ?">
          <choice txt="Justement, voila une méditation sensorielle sur MyzenTV, essayons...">
            <state txt="MyZEN : 'Y a t'il une partie de mon corps qui attire mon attention ?'" link="identification1"/>
          </choice>
          <choice txt="Bof...Quelque part on s'en fout, on ferait mieux de penser. Ce sera plus productif...">
            <state txt="...Vais-je être à la hauteur au boulot aujourd'hui ?"/>
            <state txt="...Qu'est ce que je vais manger ce midi ?"/>
          </choice>
          <choice txt="Ah ah, tu délires mon gars, ça se saurait !">
            <state txt="Et pourquoi pas se réveiller ce se cauchemare de vie comme ça !"/>
          </choice>
        </state>
      </choice>
      <choice txt="Bah, les rêves ne veulent rien dire, pas de temps à perdre avec ça...">
        <state txt="C'est comme les prénoms, cette vie etc"/>
      </choice>
    </state>
    <state txt="...Tête, yeux, mâchoires, épaules, ventre, coeur, jambes, pieds ?" id="identification1">
      <choice txt="Oui j'ai senti...et ?">
        <state txt="MyZEN : 'Y a t'il une autre partie du corps qui attire mon attention ?'" data="deep" link="identification2"/>
      </choice>
      <choice txt="Je sens mais c'est douloureux, je préfère ne pas trop sentir...">
        <state txt="Intéressant. Je n'avais jamais pris conscience de ça avant..." data="deep"/>
      </choice>
      <choice txt="Je ne sens rien...">
        <state txt="J'Essaie encore..." link="identification1"/>
      </choice>
    </state>
   <state txt="...bras, mains, bouche, menton, nez, joues, doigts... ?" id="identification2">
      <choice txt="Oui, j'ai senti...">
        <state txt="MyZEN : Et maintenant ouvrez mon attention à d'autres parties que vous n'avez pas encore senties..." data="deep" link="ouverture"/>
      </choice>
      <choice txt="Je ne sens rien...">
        <state txt="'Essaie encore mon petit...' dirait-elle" link="identification2"/>
      </choice>
    </state>
    <state txt="...poitrine, dos, fesses, mollets, plante des pieds... ?" id="ouverture">
      <choice txt="Oui, j'ai ouvert à d'autres parties du corps...">
        <state txt="...pas mal, je me sens plus centré et ouvert !" data="deep"/>
      </choice>
      <choice txt="Je ne sens rien...">
        <state txt="J'Essaie encore..." link="ouverture"/>
      </choice>
    </state>
    <state txt="Ah, le rasage..." id="shaving" data="shaving">
      <choice txt="...quelle délice.">
        <state txt="Redécouvrir son visage chaque matin...">
          <choice txt="Par les sensations sur la peau.">
            <state txt="La lame qui glisse sur cette peau de bébé..."/>
            <state txt="La crême de rasage qui la picote gentiment..." data="deep"/>
          </choice>
          <choice txt="Par la vue...">
            <state txt="Quel bel homme..."/>
          </choice>
          <choice txt="Par les odeurs...">
            <state txt="De la crême de rasage et celle des aisselles."/>
          </choice>
        </state>
      </choice>
      <choice txt="...la barbe !.">
        <state txt="et dangereux en plus.">
          <choice txt="Un faux mouvement...">
            <state txt="Et je deviens un masque de sang."/>
          </choice>
          <choice txt="Je fais parfois comme si c'était un jeu...">
            <state txt="Un objectif clair, un ensemble limité d'actions  "/>
            <state txt="et des conséquences immédiates mais non définitives pour les erreurs commises."/>
          </choice>
          <choice txt="Mieux vaut faire attention...">
            <state txt="Vers le bas. Pas trop lentement. Pas trop rapidement."/>
          </choice>
        </state>
      </choice>
    </state>
  </section>
</main>
