<?xml version='1.0' encoding='UTF-8'?>
<!-- This document was created with Syntext Serna Free. --><main>
  <section>
    <state txt="Kirk26, Your designated target left the building." id="UAV2_goal" data="base"/>
    <state txt="Keep tracking him and attempt PID." data="base"/>
    <state txt="Pilot: copy."/>
    <state txt="I read the insurgents think we are afraid to face them on the ground.">
      <choice txt="Better a live coward than a dead hero.">
        <state txt="And who's to say what's fair in this asymmetrical clusterfuck." link="weekend"/>
      </choice>
      <choice txt="Delusional thinking is the refuge of the losing side.">
        <state txt="Right." link="weekend"/>
      </choice>
      <choice txt="Oh, like it takes guts to hide bombs and attack civvies.">
        <state txt="Civilians, insurgents, enemy combatants... they should invent a sensor for that.">
          <choice txt="As the manual says: kill everyone &amp; let God sort 'em out.">
            <state txt="Our God." link="weekend"/>
          </choice>
          <choice txt="Hopefully the AI's better before the bad guys send their drones over NYC.">
            <state txt="Or not. Buh-bye, east coast snobs."/>
            <state txt="We wouldn't be begging for funding for a while after that." link="weekend"/>
          </choice>
        </state>
      </choice>
    </state>
    <state txt="So got any plans for the weekend?" id="weekend">
      <choice txt="Nope. Why, you want to do something?">
        <state txt="That's... not what I... I mean..." data="blush" link="youremarried"/>
      </choice>
      <choice txt="Got my kid this weekend. Probably end up playing videogames with him.">
        <state txt="That's funny. Do you guys play war games?">
          <choice txt="Yeah, that's how he understands what I do here.">
            <state txt="Does he comply with voice procedure?" id="voice">
              <choice txt="Ha! Man... pretty AND funny.">
                <state txt="Uhhh..." data="blush" link="youremarried"/>
              </choice>
              <choice txt="No, they are not that realistic."/>
            </state>
          </choice>
          <choice txt="Oh, should I get him some girly game about home decoration instead?">
            <state txt="Do they really make videgames for girls nowadays?"/>
          </choice>
        </state>
      </choice>
      <choice txt="Are you asking me on a date?">
        <state txt="Ach, I don't know why I even bother with you creeps." data="angry"/>
        <state txt="You're all the same."/>
        <state txt="I mean, you're married, aren't you?" id="youremarried">
          <choice txt="Yeah, I'm married, not castrated.">
            <state txt="You're gross, is what you are." data="angry"/>
          </choice>
          <choice txt="It's cool, we have an understanding.">
            <state txt="I'll bet it isn't the same understanding."/>
          </choice>
          <choice txt="On paper, anyway. ">
            <state txt="What, &quot;My wife doesn't understand me&quot;?">
              <choice txt="Sometimes it feels like she doesn't even LIKE me.">
                <state txt="Oh... that's... too bad." data="flirtPlus">
                  <choice txt="Yep."/>
                  <choice txt="Maybe it's time for me to start a new chapter...">
                    <state txt="Uh..." data="blush"/>
                  </choice>
                </state>
              </choice>
              <choice txt="It's just a bad period, I'm sure we'll work it out.">
                <state txt="Hm."/>
              </choice>
            </state>
          </choice>
        </state>
      </choice>
    </state>
  </section>
  <section>
    <state txt="So you going to give me a call?" id="flirt">
      <choice txt="Yeah, for sure.">
        <state txt="Cool." data="date"/>
      </choice>
      <choice txt="Um, well, let's play it by ear.">
        <state txt="Ok." data="date"/>
      </choice>
      <choice txt="I... actually I can't.">
        <state txt="No, I figured."/>
      </choice>
    </state>
  </section>
  <section>
    <state txt="Wait a minute... what is he doing?" id="engage"/>
    <state txt="Target spotted installing IED. We have positive identification."/>
    <state txt="Requesting permission to engage."/>
    <state txt="Roger that. You are clear to engage." data="base"/>
    <state txt="Sensor: initiating procedure, missile status?">
      <choice txt="Sensor: copy, missile on.">
        <state txt="Laser?">
          <choice txt="Sensor: laser on.">
            <state txt="Engage when you are ready." data="procedure">
              <choice txt="Wilco!"/>
              <choice txt="Are... are we sure it was an IED?" link="drop"/>
            </state>
          </choice>
          <choice txt="Sensor: negative." link="drop"/>
        </state>
      </choice>
      <choice txt="Are you sure that's our guy?" link="drop"/>
    </state>
  </section>
  <section>
    <state txt="Pilot: disengaging, we have a problem here." id="drop" data="dropping"/>
    <state txt="Base here: changing command to group 23." data="base"/>
    <state txt="What the hell...?" data="angry"/>
  </section>
  <section>
    <state txt="Target hit." id="UAV2_success"/>
    <state txt="Good job."/>
  </section>
  <section>
    <state txt="Have you heard of procedure?" id="UAV2_procedure" data="angry"/>
    <state txt="This is not one of your kid's videogames." data="angry"/>
  </section>
  <section>
    <state txt="Christ, we were not cleared to engage!" id="UAV2_failed" data="angry"/>
    <state txt="This is a serious breach." data="angry"/>
  </section>
  <section>
    <state txt="Christ, how...? You lost him!" id="UAV2_lost" data="angry"/>
    <state txt="This job requires focus." data="angry"/>
  </section>
  <section>
    <state txt="Impact. Target missed." id="UAV2_wasted"/>
    <state txt="There goes 75 thousand bucks."/>
  </section>
  <section>
    <state txt="Damn you, heard of procedure...?" id="UAV2_wasted_and_procedure" data="angry"/>
    <state txt="And you flushed 75K down the toilet." data="angry"/>
  </section>
  <section>
    <state txt="Target missed. We are out of missiles." id="missed target"/>
    <state txt="Ground control: passing the target to next group."/>
    <state txt="Well..."/>
  </section>
</main>
