<?xml version='1.0' encoding='UTF-8'?>
<!-- This document was created with Syntext Serna Free. -->
<main>
  <section>
    <state txt="Vielle Route 95..." id="drive">
      <choice txt="Trop facile de conduire sur la vielle Route 95...">
        <state txt="C'est comme si j'étais en mode pilote automatique."/>
        <state txt="Merde, et si c'était vrai..."/>
        <state txt="..." link="people"/>
      </choice>
      <choice txt="Le même rêve qui se répète tous les matins...">
        <state txt="Que serait-ce de se reveiller de ce vieux rêve ?"/>
        <state txt="...comme du rêve de ce matin..." link="people"/>
      </choice>
      <choice txt="Rester vivant sur la Route 95...">
        <state txt="Nope, not a lot of IEDs on my morning commute." link="people"/>
      </choice>
    </state>
    <state txt="Personne, pas de circulation chiante." id="people"/>
    <state txt="Le paysage...">
      <choice txt="Vide, plat, sans fin...">
        <state txt="...qui me force à me retirer dans mes pensées." data="@depressing"/>
      </choice>
      <choice txt="Clair, propre, simple...">
        <state txt="...rien pour me distraire de mes pensées." data="@uplifting"/>
      </choice>
    </state>
    <state txt="Et si c'était ça la clé, observer les pensées ?...quelle est la pensée qui attire mon attention en cet instant ?" id="relations">
      <choice txt="...Tutti a son rendez vous avec le docteur ce matin.">
        <state txt="J'aurais du demander à Doudou avant de partir.">
          <choice txt="Merde, je me suis laissé entraîner dans mes pensées.">
            <state txt="Revenons à nos moutons..." link="scan2"/>
          </choice>
          <choice txt="Ca va. Les enfants sont coriaces.">
            <state txt="He will work it out...">
              <choice txt="Childhood is terrible for everybody.">
                <state txt="Adolescence is even worse."/>
                <state txt="Then you discover women and beer"/>
                <state txt="and everything starts to make sense."/>
              </choice>
              <choice txt="He's a geek type.">
                <state txt="He's going to be one of these introverted geniuses..."/>
                <state txt="...starting up a company in California..."/>
                <state txt="...getting stupid rich."/>
              </choice>
            </state>
          </choice>
        </state>
      </choice>
      <choice txt="...Jeanne est ma collègue ce matin">
        <state txt="Elle est plus légère sur les yeux que Richardson...">
          <choice txt="Putain, je me suis laissé entraîner dans mes pensées..">
            <state txt="Revenons à nos moutons..." link="scan2"/>
          </choice>
          <choice txt="...Je pourrais recevoir des ordres d'elle toute la journée.">
            <state txt="She's got such a firm way of designating targets."/>
          </choice>
          <choice txt="Oh Richardson...">
            <state txt="...he's always saying we should carpool...">
              <choice txt="Maybe if Jane was into it.">
                <state txt="Have to clean up this shitbox first though."/>
              </choice>
              <choice txt="Aw, I get enough of his BS at work.">
                <state txt="If I hafta hear another &quot;black ops&quot; story starring Agent Richardson I'll puke."/>
              </choice>
              <choice txt="But hell, I like having my own car.">
                <state txt="Isn't that what we're fighting for?"/>
                <state txt="Car pool, pfft. Who is he, Al Gore?"/>
              </choice>
            </state>
          </choice>
        </state>
      </choice>
    </state>
    <state txt="'Une autre pensée qui circule en cet instant ?..." id="scan2">
      <choice txt="...Tutti a son rendez vous avec le docteur ce matin.">
        <state txt="J'aurais du demander à Doudou avant de partir.">
          <choice txt="Putain, je me suis laissé entraîner dans mes pensées.">
            <state txt="Revenons à nos moutons..." link="ouverture"/>
          </choice>
          <choice txt="Ca va. Les enfants sont coriaces.">
            <state txt="He will work it out...">
              <choice txt="Childhood is terrible for everybody.">
                <state txt="Adolescence is even worse."/>
                <state txt="Then you discover women and beer"/>
                <state txt="and everything starts to make sense."/>
              </choice>
              <choice txt="He's a geek type.">
                <state txt="He's going to be one of these introverted geniuses..."/>
                <state txt="...starting up a company in California..."/>
                <state txt="...getting stupid rich."/>
              </choice>
            </state>
          </choice>
        </state>
      </choice>
      <choice txt="...Jeanne est ma collègue ce matin">
        <state txt="Elle est plus légère sur les yeux que Richardson...">
          <choice txt="Putain, je me suis laissé entraîner dans mes pensées..">
            <state txt="Revenons à nos moutons..." link="ouverture"/>
          </choice>
          <choice txt="...Je pourrais recevoir des ordres d'elle toute la journée.">
            <state txt="She's got such a firm way of designating targets."/>
          </choice>
          <choice txt="Oh Richardson...">
            <state txt="...he's always saying we should carpool...">
              <choice txt="Maybe if Jane was into it.">
                <state txt="Have to clean up this shitbox first though."/>
              </choice>
              <choice txt="Aw, I get enough of his BS at work.">
                <state txt="If I hafta hear another &quot;black ops&quot; story starring Agent Richardson I'll puke."/>
              </choice>
              <choice txt="But hell, I like having my own car.">
                <state txt="Isn't that what we're fighting for?"/>
                <state txt="Car pool, pfft. Who is he, Al Gore?"/>
              </choice>
            </state>
          </choice>
        </state>
      </choice>
    </state>  
    <state txt="'Et maintenant m'ouvrir à d'autres pensées possibles...'" id="ouverture">
    <state txt="Wah c'est bon, je me sens plus léger, détaché et pourtant présent..." />
    </state>
    <state txt="Je ferais bien de faire réparer ma radio." id="karaoke"/>
    <state txt="J'ai toujours cette satanée chanson dans ma tête." data="music"/>
    <state txt="Je ne sais jamais si je chante mes bonnes paroles."/>
    <state txt="Bon, de toute façon, personne ne va m'entendre chanter non ?"/>
  </section>
</main>
