<?xml version='1.0' encoding='UTF-8'?>
<!-- This document was created with Syntext Serna Free. --><main>
  <section>
    <state txt="Salut." id="normal">
      <choice txt="Salut Jane." link="UAV_goal"/>
      <choice txt="Ouais, la forme ?...Tapes en quatre !" link="UAV_goal"/>
    </state>
  </section>
  <section>
    <state txt="Tu t'es battu avec ton razoir ?" id="shaving">
      <choice txt="Je vais demander des cours de rasage pour mon anniversaire." link="UAV_goal"/>
      <choice txt="Ne le dis à personne : j'ai cjopé la maladie de Parkinson" link="UAV_goal"/>
      <choice txt="Des blessures de compassion. Ca m'aide à être en lien avec mes frères combattants au sol." link="UAV_goal"/>
    </state>
  </section>
  <section>
    <state txt="Tu es tombé du lit?" id="bandaid">
      <choice txt="...Eu un désaccord avec mon volant." link="UAV_goal"/>
      <choice txt="Un énorme coyote a traversé ma route ce matin." link="UAV_goal"/>
      <choice txt="Des blessures de compassion. Ca m'aide à être en lien avec mes frères combattants au sol." link="UAV_goal"/>
    </state>
  </section>
  <section>
    <state txt="Mec, t'as pas l'air en forme." id="messy">
      <choice txt="Matinée difficile." link="UAV_goal"/>
      <choice txt="La guerre, madame, la guerre..." link="UAV_goal"/>
      <choice txt="Ah oui ?" link="UAV_goal"/>
    </state>
  </section>
  <section>
    <state txt="Tu as peut être remarqué, je n'ai pas la grande forme..." id="UAV_goal">
      <choice txt="Je n'aurais jamais deviné, tu rayonne ce matin!">
        <state txt="Garde tes yeux sur l'écran, junior" data="angry"/>
        <state txt="Voici des ordres qui arrivent..."/>
      </choice>
      <choice txt="Oui, tu veux en parler ?">
        <state txt="Oui, mon copain et moi..." link="ecoute1"/> 
      </choice>
      <choice txt="Oui, ben moi non plus..">
        <state txt="Voici des ordres qui arrivent..."/>
      </choice>
    </state>

    <state txt="OK. Ben tu vois mon problème c que..." id="ecoute1" >
      <choice txt="Oui...">
        <state txt="Merci pour ton écoute. Ca fait chaud au coeur." data="smile"/>
        <state txt="Voici des ordres qui arrivent...je t'en parlerai plus tard."/>
      </choice>
      <choice txt="Oui, ben moi non plus...">
        <state txt="Voici des ordres qui arrivent..." data="angry"/>
      </choice>
        <choice txt="Tu devrais pas te mettre dans cet état pour ça...">
        <state txt="Voici des ordres qui arrivent..." data="angry"/>
      </choice>
      <choice txt="C'est la vie Jane">
        <state txt="Voici des ordres qui arrivent..." data="angry"/>
      </choice>
    </state>

  </section>
  <section>
    <state txt="Kirk26, Contrôle des opérations." id="mission_conversation1" data="base"/>
    <state txt="On vient de vous envoyer les coordonnées d'un suspect." data="base"/>
    <state txt="Vous devez suivre, pas engager, cette cible." data="base"/>
    <state txt="Pilote: Bien reçu.">
      <choice txt="Capteur: Bien reçu.">
        <state txt="Je demande si c'est bien ce qu'on fait, ce travail de tuer des gens ???">
          <choice txt="Tu as pensé à eller voir un psy ?">
            <state txt="Va te fair mettre" data="angry"/>
          </choice>
          <choice txt="Nous servons la patrie Jane !">
            <state txt="Oui nous sommes les gentils et tuons les méchants pas vrai ?" />
          </choice>
          <choice txt="Tu as des projets de reconversion ?">
            <state txt="Oui, peut être" />
          </choice>
        </state>
      </choice>
      <choice txt="Marrant...Il a pas l'air si suspect.">
        <state txt="Ouais, ben, peut être qu'il a des amis suspects."/>
        <state txt="Tu connais le contrat..."/>
        <state txt="...regarde et attends.">
          <choice txt="Ouaip. Tout ce qui peut sauver nos soldats des méchants, pas vrai ?">
            <state txt="Je t'entends, Jake." data="smile"/>
          </choice>
          <choice txt="Aurais tu imaginé que tu épinglerais de vieux barbus comme job ?">
            <state txt="Ha!" data="smile"/>
          </choice>
          <choice txt="Pas exactement le job exitant que décrivaient les posters, eh?">
            <state txt="Ca ne me dérange pas."/>
            <state txt="Tout le monde n'a pas à être un héro."/>
          </choice>
        </state>
      </choice>
      <choice txt="Je suis impatient d'exploser ce barbu.">
        <state txt="Calme toi, cowboy." data="angry"/>
        <state txt="Si tu es si chaud, demande à être muté sur le terrain."/>
      </choice>
    </state>
  </section>
  <section>
    <state txt="Oui alors comme je te disais, c'est pas la forme ces temps ci..." id="mission_conversation2">
      <choice txt="...">
        <state txt="Merci pour ton écoute..." data="smile"/>
        <state txt="La plupart des gens ne peuvent pas s'empêcher de dire quelque chose soit disant pour récomforter..." link="air_force">
        </state>
      </choice>
      <choice txt="C'est quoi 'pas la top-forme' pour toi ?">
        <state txt="Eh bien..." link="air_force"/>
      </choice>
      <choice txt="Oui, ben t'es pas la seule à souffir et je suis pas psy moi...">
        <state txt="Muffle !" data="angry"/>
      </choice>
    </state>
  </section>
  <section>
    <state txt="Tu vois, la situation c'est que tralàlà..." id="air_force">
      <choice txt="Oui...tu tralàlà">
        <state txt="Oui, c'est ça.">
          <choice txt="Cool !">
            <state txt="Tu trouves ?" data="angry"/>
          </choice>
          <choice txt="Et comment tu te sens quand tu dis ça ?">
            <state txt="Je me sens déprimée...">
              <choice txt="Tu le sens où dans ton corps ?">
                <state txt="Dans mon cul."/>
              </choice>
              <choice txt="Et qu'est ce que tu te dis à toi-même ?">
                <state txt="Que je suis nulle."/>
              </choice>
              <choice txt="Mhhhh..."/>
            </state>
          </choice>
          <choice txt="Tu devrais....">
            <state txt="Je n'ai pas besoin de conseils mais d'écoute cowboy..." data="angry"/>
          </choice>
        </state>
      </choice>
      <choice txt="Mhhhh ?">
        <state txt="Ouais d'accord, je me tais ou on parle d'autre chose...">
        </state>
      </choice>

    </state>
  </section>
  <section>
    <state txt="Oui, c'est ça..." id="valide">
    </state>
  </section>  
  <section>
    <state txt="Nom de D..., on était pas censé engager!" id="killed_insurgent" data="angry"/>
    <state txt="As tu une idée du nombre de formulaire que nous allons devoir remplir maintenant?" data="angry"/>
  </section>
  <section>
    <state txt="On l'a perdu..." id="lost_insurgent" data="angry"/>
    <state txt="Tu dors où quoi?" data="angry"/>
  </section>
  <section>
    <state txt="Bon travail Kirk26, on vient de recevoir un nouvelle directive. " id="mission_complete" data="base"/>
    <state txt="On vous retire ce suspect. Restez en ligne pour les ordres suivants." data="base"/>
    <state txt="Tu peux prendre une pause si tu veux."/>
  </section>
</main>
