<?xml version='1.0' encoding='UTF-8'?>
<!-- This document was created with Syntext Serna Free. --><main>
  <section>
    <state txt="Salut." id="normal">
      <choice txt="Salut Jane." link="UAV_goal"/>
      <choice txt="Hello, ma'am." link="UAV_goal"/>
    </state>
  </section>
  <section>
    <state txt="Whoa! Tu t'es battu avec ton razoir ?" id="shaving">
      <choice txt="Gonna ask for shaving lessons for my birthday." link="UAV_goal"/>
      <choice txt="Sympathy wounds. Helps me relate to the boys on the ground." link="UAV_goal"/>
    </state>
  </section>
  <section>
    <state txt="Tu es tombé du lit?" id="bandaid">
      <choice txt="Had a disagreement with my steering wheel." link="UAV_goal"/>
      <choice txt="I subdued a hostile object with my head." link="UAV_goal"/>
    </state>
  </section>
  <section>
    <state txt="Mec, t'as pas l'air en forme." id="messy">
      <choice txt="Matinée difficile." link="UAV_goal"/>
      <choice txt="War is hell, Ma'am." link="UAV_goal"/>
      <choice txt="Tu dis que je n'ai pas l'air en forme ?" link="UAV_goal"/>
    </state>
  </section>
  <section>
    <state txt="Je t'ai déja dit que je n'étais pas du matin?" id="UAV_goal">
      <choice txt="Je n'aurais jamais deviné, tu es très belle ce matin.">
        <state txt="Garde tes yeux sur l'écran, junior" data="angry"/>
        <state txt="Voici des ordres qio arrivent..."/>
      </choice>
      <choice txt="C'est le matin ? J'ai perdu la notion du temps.">
        <state txt="Yeah, my boyfriend always complained about it.">
          <choice txt="Is he used to it now?">
            <state txt="No, it didn't work out with us."/>
          </choice>
          <choice txt="Yeah, my wife does too... says it messes up her sleep.">
            <state txt="If they're not military, it's hard to understand."/>
          </choice>
        </state>
      </choice>
    </state>
  </section>
  <section>
    <state txt="Kirk26, Contrôle des opérations." id="mission_conversation1" data="base"/>
    <state txt="On vient de vous envoyer les coordonnées d'un suspect." data="base"/>
    <state txt="Vous devez suivre, pas engager, cette cible." data="base"/>
    <state txt="Pilote: Bien reçu.">
      <choice txt="Capteur: Bien reçu.">
        <state txt="What's this guy pulling heat for?">
          <choice txt="He a real bad guy or just a Osama fanboy?">
            <state txt="Not really our problem, is it?"/>
          </choice>
          <choice txt="Forget to pay off the right people?">
            <state txt="We're not the mafia." data="angry"/>
          </choice>
        </state>
      </choice>
      <choice txt="Marrant...Il a pas l'air si suspect.">
        <state txt="Ouais, ben, peut être qu'il a des amis suspects."/>
        <state txt="Tu connais le contrat..."/>
        <state txt="...regarde et attends.">
          <choice txt="Ouaip. Tout ce qui peut sauver nos soldats des méchants, pas vrai ?">
            <state txt="Je t'entends, Jake." data="smile"/>
          </choice>
          <choice txt="Aurais tu imaginé que tu épinglerais de vieux barbus comme job ?">
            <state txt="Ha!" data="smile"/>
          </choice>
          <choice txt="Pas exactement le job exitant que décrivaient les posters, eh?">
            <state txt="Ca ne me dérange pas."/>
            <state txt="Tout le monde n'a pas à être un héro."/>
          </choice>
        </state>
      </choice>
      <choice txt="Je suis impatient d'exploser ce barbu.">
        <state txt="Calme toi, cowboy." data="angry"/>
        <state txt="Si tu es si chaud, demande à être sur le terrain."/>
      </choice>
    </state>
  </section>
  <section>
    <state txt="Ca fait un moment que je t'ai pas vu..." id="mission_conversation2">
      <choice txt="Been pretty boring. Aren't robots supposed to do the boring jobs now?">
        <state txt="I'm sure some egghead is working on it.">
          <choice txt="Then we’ll lose our jobs like the jet jockeys." link="air_force"/>
          <choice txt="It would be awesome if they could automate it. Be less stressful.">
            <state txt="Just not for the software engineers. Someone's gotta write the kill algorithm."/>
          </choice>
          <choice txt="I was joking. Better with a human in the loop.">
            <state txt="You ask me, our glitchy wetware slows down the kill chain."/>
          </choice>
        </state>
      </choice>
      <choice txt="Ton père va mieux?">
        <state txt="Oh... well, uh... I would say he's pretty much the same."/>
        <state txt="It's not so much the wheelchair, he's just so angry a lot of the time.">
          <choice txt="After an exciting life in the Air Force, retirement must be hell." link="air_force"/>
          <choice txt="Shit yeah, I'd be pissed to be in a wheelchair too.">
            <state txt="Let's get back to work." data="angry"/>
          </choice>
          <choice txt="Anger can be pretty dehabilitating.">
            <state txt="Yeah." data="smile"/>
            <state txt="Something like Black Hawk wouldn't have happened if there'd been UAVs."/>
          </choice>
        </state>
      </choice>
      <choice txt="I've been stuck with Kowalski most shifts this month.">
        <state txt="Ha ha! Oh yeah, he's a character. "/>
        <state txt="He knew my dad though, so he takes it easy on me.">
          <choice txt="Your dad throws a long shadow, eh?">
            <state txt="That's why I took this post." data="smile"/>
            <state txt="I'm more of a behind-the-scenes person."/>
          </choice>
          <choice txt="Must be nice to have friends in high places.">
            <state txt=" He rides me like a three-legged pony."/>
          </choice>
        </state>
      </choice>
    </state>
  </section>
  <section>
    <state txt="Did you grow up dreaming about flying jets?" id="air_force">
      <choice txt="Yep, and I never have thought I would end up working for the Agency.">
        <state txt="Ah c'mon. We're secret agents! That's just as cool, cooler maybe.">
          <choice txt="We're never gonna be up there, getting medals stuck on our chest.">
            <state txt="We can always make up our own fantasy medals. Valour in the Face of Extreme Boredom."/>
          </choice>
          <choice txt="Sometimes the Black World scares me.">
            <state txt="Spooked by the CIA? Pretty civvy-sounding today, Jake. What for?">
              <choice txt="The illegal killings.">
                <state txt="Yawn, laws of war are so 20th century."/>
              </choice>
              <choice txt="The undeclared wars.">
                <state txt="Most people know about the program. They don't want the gory details, or another Iraq."/>
              </choice>
              <choice txt="Nothing, it’s just that you never get to see the big picture."/>
            </state>
          </choice>
          <choice txt="A civil agency shouldn’t fight wars.">
            <state txt="Don’t worry war criminal, we have our asses covered."/>
          </choice>
        </state>
      </choice>
      <choice txt="Everybody did! I was 8 when Top Gun came out.">
        <state txt="Oh right, Top Gun... scoring hot chick in uniforms, reckless stunts on F-14s...">
          <choice txt="That's where I got my uniform fetish. Now you know why I watch you zip up your zoom bag...">
            <state txt="Gross..." data="angry"/>
          </choice>
          <choice txt="The CIA pulls plenty of reckless stunts too."/>
        </state>
      </choice>
    </state>
  </section>
  <section>
    <state txt="Nom de D..., on était pas censé engager!" id="killed_insurgent" data="angry"/>
    <state txt="As tu une idée du nombre de formulaire que nous allons devoir remplir maintenant?" data="angry"/>
  </section>
  <section>
    <state txt="On l'a perdu..." id="lost_insurgent" data="angry"/>
    <state txt="Tu dors où quoi?" data="angry"/>
  </section>
  <section>
    <state txt="Bon travail Kirk26, on vient de recevoir un nouvelle directive. " id="mission_complete" data="base"/>
    <state txt="On vous retire ce suspect. Restez en ligne pour les ordres suivants." data="base"/>
    <state txt="Tu peux prendre une pause si tu veux."/>
  </section>
</main>
