<?xml version='1.0' encoding='UTF-8'?>
<!-- This document was created with Syntext Serna Free. -->
<main>
  <section>
    <state txt="Vielle Route 95..." id="drive">
      <choice txt="Trop facile de conduire sur la vielle Route 95...">
        <state txt="C'est comme si j'étais en mode pilote automatique."/>
        <state txt="Merde, et si c'était vrai..."/>
        <state txt="..." link="people"/>
      </choice>
      <choice txt="Le même rêve qui se répète tous les matins...">
        <state txt="Ca donnerait quoi de se reveiller de ce vieux rêve ?"/>
        <state txt="...comme du rêve de ce matin..." />
        <state txt="..." link="people"/>
      </choice>
    </state>
    <state txt="Personne, pas de circulation..." id="people"/>
    <state txt="Le paysage...">
      <choice txt="Vide, plat, sans fin...">
        <state txt="...qui me force à me retirer dans mes pensées." data="@depressing"/>
      </choice>
      <choice txt="Clair, propre, simple...">
        <state txt="...rien pour me distraire de mes pensées." data="@uplifting"/>
      </choice>
    </state>
    <state txt="Et si c'était ça la clé, observer les pensées ?" id="relations">
      <choice txt="Oui...essayons...branchons nous sur méditions FM">
        <state txt="MEDITIONS FM : 'Bienvenue, sur Méditions FM, la radio de la méditation'" data="@uplifting" link="q1"/>
      </choice>
      <choice txt="Pfff...Et pourquoi pas regarder les mouches voler ?">
        <state txt="Faut vraiment avoir rien à foutre..." data="@depressing"/>
      </choice>
    </state>

    <state txt="MEDITIONS FM : '...quelle est la pensée qui attire votre attention en cet instant ?'" id="q1">
      <choice txt="Voyons... Mon fils va chez le docteur">
        <state txt="MEDITIONS FM : 'Très bien, et maintenant...'" data="@uplifting" link="q2"/>
      </choice>
      <choice txt="Mhhh... je déteste ce genre de question">
        <state txt="MEDITIONS FM : 'Très bien, et maintenant..." data="@uplifting" link="q2"/>
      </choice>
      <choice txt="Quelle pensée ? Pas de pensée moi">
        <state txt="Faut vraiment avoir rien à foutre..." data="@depressing"/>
      </choice>
    </state>

    <state txt="MEDITIONS FM : '...une autre pensée qui attire votre attention en cet instant ?'" id="q2">
      <choice txt="Voyons... Ma femme a mal aux dents">
        <state txt="MEDITIONS FM : 'Très bien, et maintenant...'" data="@depressing" link="q3"/>
      </choice>
      <choice txt="Mhhh... je déteste ce genre de question">
        <state txt="MEDITIONS FM : 'Très bien, et maintenant..." data="@uplifting" link="q3"/>
      </choice>
      <choice txt="Aucune pensée">
        <state txt="Zen, parfait, vide" data="@uplifting"/>
      </choice>
    </state>

    <state txt="MEDITIONS FM : '...ouvrez votre attention à d'autres pensées que vous n'avez pas encore eues...'" id="q3">
      <choice txt="Oui, j'ai ouvert">
        <state txt="MEDITIONS FM : 'Très bien, et maintenant..." data="@depressing" link="end"/>
      </choice>
      <choice txt="Ouvrir ? Toujours ouvert moi mon esprit !">
        <state txt="MEDITIONS FM : 'Très bien, et maintenant..." data="@uplifting" link="end"/>
      </choice>
    </state>

    <state txt="MEDITIONS FM : '...ouvrez votre attention à d'autres pensées que vous n'avez pas encore eues...'" id="q3">
      <choice txt="Oui, j'ai ouvert">
        <state txt="MEDITIONS FM : 'Très bien, et maintenant..." data="@depressing" link="end"/>
      </choice>
      <choice txt="Ouvrir ? Toujours ouvert moi mon esprit !">
        <state txt="MEDITIONS FM : 'Très bien, et maintenant..." data="@uplifting" link="end"/>
      </choice>
      <choice txt="Aucune pensée">
        <state txt="Zen, parfait, vide" data="@uplifting"/>
      </choice>
    </state>


    <state txt="MEDITIONS FM : ', l'esprit ouvert et détendu, vous pouvez continuer votre journée" id="end">
      <choice txt="Cool, ça fait du bien">
        <state txt="JE devrais proposer à Jane ma collègue" data="@uplifting" />
      </choice>
      <choice txt="Ouep, mon cul">
        <state txt="Pour les zozos ce truc" data="@depressing"/>
      </choice>
    </state>

    <state txt="J'ai envie de musique...Toujours pas réparée cette radio et pas de CDs dans cette caisee..." id="karaoke"/>
    <state txt="Et si je chantais...? One Vision de Queen" data="music"/>
    <state txt="Mais je ne me rappelle plus bien les paroles..."/>
    <state txt="Bon, de toute façon, personne ne va m'entendre chanter non ?"/>
  </section>
</main>
