<?xml version='1.0' encoding='UTF-8'?>
<!-- This document was created with Syntext Serna Free. --><main>
  <section>
    <state txt="Hey." id="call"/>
    <state txt="" data="wife"/>
    <state txt="Everything OK?"/>
    <state txt="" data="wife"/>
    <state txt="No, just the usual here."/>
    <state txt="" data="wife">
      <choice txt="Did you remember to buy coffee and milk?">
        <state txt="" data="wait"/>
        <state txt="" data="wife"/>
        <state txt="I guess I'll pick it up after a long day's work, then." data="jerk" link="2nd"/>
      </choice>
      <choice txt="What'd the doctor say about Mikey?">
        <state txt="" data="wait"/>
        <state txt="" data="wife"/>
        <state txt="He lowered the dosage, huh?"/>
        <state txt="" data="wife">
          <choice txt="That's crazy! Did you tell him about that bullcrap he pulled in the supermarket?">
            <state txt="" data="wife"/>
            <state txt="Seriously, what's the point of me paying this guy if we don't give him the information?" data="jerk" link="2nd"/>
          </choice>
          <choice txt="That's good. It's probably just that he's bored at school...">
            <state txt="...and he'll sure as hell have to learn to deal with that. "/>
            <state txt="Even good jobs are boring at times."/>
            <state txt="" data="wife">
              <choice txt="Luckily I'm working with Jane today.">
                <state txt="" data="wife"/>
                <state txt="Hmm? No, I've mentioned Jane before, I'm sure." data="jerk" link="2nd"/>
              </choice>
              <choice txt="Nice to hear your voice.">
                <state txt="" data="wife"/>
                <state txt="Yup, even better than killing terrorists."/>
                <state txt="" data="wife"/>
                <state txt=" Believe me, I kill more time than terrorists." link="2nd"/>
              </choice>
            </state>
          </choice>
        </state>
      </choice>
    </state>
  </section>
  <section>
    <state txt="" id="2nd" data="wife"/>
    <state txt="Naw, I'll be home around midnight, same as usual.">
      <choice txt="I'd be great if you could get out of bed quietly...">
        <state txt="...instead of your usual elephant feet." data="jerk" link="3rd"/>
      </choice>
      <choice txt="I didn't wake you up last night did I?">
        <state txt="" data="wait"/>
        <state txt="" data="wife"/>
        <state txt="That's good. Hard enough to get Mikey out the house..."/>
        <state txt="...don't need to do it without a good night's sleep." link="3rd"/>
      </choice>
    </state>
  </section>
  <section>
    <state txt="I should start getting back..." id="3rd"/>
    <state txt="" data="wife"/>
    <state txt='"Where am I flying my toy"?'>
      <choice txt="It's classified... but it rhymes with Taliban.">
        <state txt="" data="wait"/>
        <state txt="" data="wife"/>
        <state txt="I do too know where it is." link="end_call"/>
      </choice>
      <choice txt="Toy? A toy's what you drive to work, sweetcheeks.">
        <state txt="...which you wouldn't even have gas for if it wasn't for what we do." data="jerk" link="end_call"/>
      </choice>
      <choice txt="You seriously have NO IDEA, do you?">
        <state txt="" data="wait"/>
        <state txt="" data="wife"/>
        <state txt="Woman, I am the GUARDIAN in the SKY." id="jerk"/>
        <state txt="I am the EYE and the CLAW." data="jerk" link="end_call"/>
      </choice>
    </state>
  </section>
  <section>
    <state txt="Well, I gotta get back to it. I love you." id="end_call"/>
    <state txt="" data="wife"/>
    <state txt="Gotta go, later."/>
  </section>
  <section>
    <state txt="*cough*" id="cough"/>
    <state txt="" data="wife"/>
    <state txt="Smoking? Me?">
      <choice txt="No, a bug just flew in my mouth.">
        <state txt="Haven't had a smoke in months." link="end_call"/>
      </choice>
      <choice txt="I said I would TRY to quit.">
        <state txt="" data="wait"/>
        <state txt="" data="wife"/>
        <state txt="You know how stressful my job is?" data="jerk" link="end_call"/>
      </choice>
    </state>
  </section>
</main>
